{"cameraMode":{"drawMode":0,"name":"Shaded","section":"Shading Mode"},"sceneLighting":true,"audioPlay":false,"sceneViewState":{"showFog":true,"showMaterialUpdate":false,"showSkybox":true,"showFlares":true,"showImageEffects":true,"showParticleSystems":true},"in2DMode":false,"pivot":{"x":-0.6126957535743713,"y":2.0507185459136965,"z":-15.700803756713868},"rotation":{"x":0.18078634142875672,"y":-0.015921907499432565,"z":0.0029268304351717235,"w":0.9833891987800598},"size":45.70241165161133,"orthographic":false}