{"cameraMode":{"drawMode":0,"name":"Shaded","section":"Shading Mode"},"sceneLighting":false,"audioPlay":false,"sceneViewState":{"showFog":true,"showMaterialUpdate":false,"showSkybox":true,"showFlares":true,"showImageEffects":true,"showParticleSystems":true},"in2DMode":false,"pivot":{"x":4.511702060699463,"y":-0.0000010370026757300366,"z":2.086630344390869},"rotation":{"x":-0.040618620812892917,"y":-0.09368684142827988,"z":0.0038255390245467426,"w":-0.9947654604911804},"size":36.40452575683594,"orthographic":false}